38,50,PO Box 5802,710-373-6914,lbasnett11@reverbnation.com,2,
39,73,Suite 74,438-471-4422,egauchier12@google.es,1,
40,77,PO Box 65076,301-386-2065,lnekrews13@tuttocitta.it,1,
41,44,PO Box 91028,531-689-0241,idobrowolny14@wikimedia.org,3,
42,49,Room 83,508-733-5560,hsaylor15@auda.org.au,1,
2,20,Apt 1206,377-294-1775,fhaglinton1@dell.com,1,
3,100,PO Box 86813,662-135-6639,oguillard2@vinaora.com,1,
4,10,Apt 1155,209-119-1667,cferreo3@symantec.com,2,
5,57,Room 1125,586-743-2206,godulchonta4@msu.edu,2,
6,93,Suite 39,347-869-5714,abigglestone5@networksolutions.com,3,
7,88,Room 1797,671-143-2366,cscarce6@globo.com,3,
8,79,Suite 19,223-430-6815,otravers7@lycos.com,1,
9,54,Apt 1404,338-225-3135,wmaingot8@mediafire.com,5,
10,89,PO Box 91544,647-885-9373,hrampling9@foxnews.com,2,
11,30,Room 1904,494-951-4354,dmcmorlanda@utexas.edu,3,
12,98,Apt 42,733-986-2165,tyurasovb@youtu.be,3,
13,78,Apt 882,798-132-9876,fgoldsonc@newsvine.com,2,
14,49,Room 1184,981-229-6484,cristed@vk.com,3,
15,55,PO Box 90903,277-137-7813,rpeekevoute@unblog.fr,2,
16,75,Apt 570,305-809-9103,mdawdryf@last.fm,2,
17,37,Apt 799,718-482-6008,wsumptiong@51.la,5,
18,47,Suite 79,213-394-6601,vrodenburghh@smh.com.au,5,
19,74,PO Box 49025,841-359-6390,akimmitti@nsw.gov.au,4,
20,73,Room 814,522-784-8439,lsagerj@intel.com,3,
21,16,Suite 40,292-882-1148,sdaniaudk@ask.com,2,
22,26,Apt 1400,130-673-8312,mmallardl@nsw.gov.au,4,
23,47,Suite 91,709-617-8183,jveversm@trellian.com,2,
24,54,Suite 22,236-599-2304,adigwoodn@bloglines.com,3,
25,32,Apt 462,813-625-0272,cnovakovico@salon.com,2,
26,86,PO Box 63754,355-468-1957,mbozwardp@indiatimes.com,1,
27,69,11th Floor,670-544-3464,aolijveq@hubpages.com,4,
28,84,5th Floor,394-716-6534,aansteadr@guardian.co.uk,2,
29,99,PO Box 53437,790-388-5828,dcecelys@mozilla.com,4,
30,18,Suite 29,410-982-6349,nshaplandt@godaddy.com,5,
31,12,11th Floor,910-602-8821,lovesenu@wordpress.com,4,
32,64,Suite 85,902-503-8517,dcodlinv@topsy.com,4,
33,30,PO Box 60669,326-150-5060,tlynchw@odnoklassniki.ru,4,
34,9,Room 756,509-582-7161,jheysx@taobao.com,1,
43,27,Suite 58,238-319-1154,dmaccracken16@usa.gov,4,
44,54,PO Box 52860,183-466-3806,dfandrich17@multiply.com,5,
45,20,Apt 1365,694-979-1301,teden18@fema.gov,5,
46,88,Apt 1788,727-577-3327,amennithorp19@naver.com,4,
47,84,2nd Floor,611-939-9350,ablaxeland1a@nba.com,4,
48,45,PO Box 52434,269-790-5277,loneill1b@utexas.edu,3,
49,53,PO Box 23315,403-681-1821,jskewis1c@bizjournals.com,5,
50,61,Apt 940,142-776-7651,ahame1d@woothemes.com,5,
51,16,Suite 1,207-777-5631,tcasaccio1e@facebook.com,3,
52,98,Apt 591,804-847-0450,gplenty1f@plala.or.jp,5,
54,35,PO Box 80549,634-911-8426,gferres1h@bandcamp.com,1,
55,19,Suite 10,404-609-2730,bwhorlton1i@adobe.com,2,
57,39,Room 755,470-848-8063,ldebell1k@symantec.com,4,
58,47,Suite 63,310-659-2901,cfilinkov1l@spotify.com,1,
59,83,Apt 505,482-831-1733,ckerbler1m@is.gd,5,
60,88,Room 1390,793-554-2283,ispackman1n@admin.ch,4,
61,60,Suite 73,900-205-6747,wbizzey1o@desdev.cn,5,
62,16,Apt 1706,180-141-2144,kmarklin1p@hugedomains.com,1,
63,16,PO Box 45601,752-397-7037,mcrawcour1q@shinystat.com,2,
64,86,1st Floor,520-610-6661,crubinfajn1r@bigcartel.com,1,
65,76,Suite 59,392-586-1061,chelgass1s@imdb.com,1,
66,23,Apt 223,478-748-5187,mganders1t@360.cn,1,
67,92,12th Floor,657-401-7394,pweir1u@bravesites.com,3,
68,38,Suite 77,101-430-7851,spatershall1v@hao123.com,2,
69,51,5th Floor,845-843-0688,sdmitrienko1w@google.it,1,
70,73,Suite 81,127-242-1787,ogerrans1x@cnet.com,3,
71,95,Suite 10,512-991-3441,dbardill1y@irs.gov,4,
72,34,Room 1099,441-205-8205,cstapells1z@tripod.com,4,
73,81,19th Floor,199-303-3483,gstandage20@yale.edu,1,
74,29,Suite 98,985-147-5974,eduggen21@ovh.net,3,
75,35,Suite 84,239-945-3415,xmorrowe22@vimeo.com,4,
76,74,Suite 75,332-488-6320,grottery23@360.cn,5,
77,72,Room 1002,229-243-0767,btytherton24@walmart.com,4,
78,77,Apt 1603,479-459-5231,abonsul25@exblog.jp,2,
79,11,PO Box 19096,391-677-6244,bmcnirlan26@virginia.edu,3,
80,84,Room 1844,494-309-6263,rgambell27@webeden.co.uk,2,
82,200,123,123,gmail,,
37,22,22,22,22,2,
